﻿{"cameraMode":{"drawMode":0,"name":"Shaded","section":"Shading Mode"},"sceneLighting":true,"audioPlay":false,"sceneViewState":{"showFog":true,"showMaterialUpdate":false,"showSkybox":true,"showFlares":true,"showImageEffects":true,"showParticleSystems":true},"in2DMode":false,"pivot":{"x":-14.70245361328125,"y":-34.691497802734378,"z":60.28102111816406},"rotation":{"x":-0.19059160351753236,"y":0.14139766991138459,"z":-0.027760762721300126,"w":-0.9710596203804016},"size":128.3815460205078,"orthographic":false}